Rank,NOC,Gold,Silver,Bronze,Total,Year,Total_Athletes_in_Team,Gold_Winning_Athletes,Silver_Winning_Athletes,Bronze_Winning_Athletes,Athletes_Who_Returned,Multi_Event_Athletes,Average Team Rating
1,USA,37,24,32,93,2000,586.0,99.0,51.0,30.0,197.0,155.0,5.167063817896195
3,CHN,28,16,14,58,2000,266.0,23.0,9.0,12.0,97.0,102.0,4.69173353534877
4,AUS,16,25,17,58,2000,617.0,46.0,47.0,45.0,199.0,150.0,4.523068286399973
5,DEU,13,17,26,56,2000,,,,,,,
6,FRA,13,14,11,38,2000,336.0,14.0,21.0,12.0,110.0,96.0,4.276229458417514
7,ITA,13,8,13,34,2000,361.0,11.0,10.0,24.0,137.0,82.0,4.579656777755471
8,NLD,12,9,4,25,2000,,,,,,,
9,CUB,11,11,7,29,2000,229.0,18.0,32.0,8.0,74.0,50.0,4.33368635406303
10,GBR,11,10,7,28,2000,309.0,22.0,15.0,11.0,122.0,110.0,4.754204819838839
11,ROU,11,6,9,26,2000,145.0,11.0,4.0,7.0,58.0,52.0,4.843368643884028
13,HUN,8,6,3,17,2000,178.0,20.0,21.0,4.0,78.0,56.0,5.2907713653627235
14,POL,6,5,3,14,2000,187.0,5.0,6.0,5.0,70.0,58.0,4.211144929432961
15,JPN,5,8,5,18,2000,266.0,5.0,28.0,4.0,81.0,74.0,4.007883075399411
16,BGR,5,6,2,13,2000,,,,,,,
17,GRC,4,6,3,13,2000,,,,,,,
18,SWE,4,5,3,12,2000,150.0,1.0,17.0,5.0,57.0,49.0,4.374911676688686
19,NOR,4,3,3,10,2000,93.0,19.0,4.0,19.0,24.0,20.0,4.580411206493532
20,ETH,4,1,3,8,2000,26.0,4.0,0.0,3.0,8.0,4.0,3.9852434301820026
21,UKR,3,10,10,23,2000,230.0,1.0,7.0,10.0,93.0,84.0,4.284810520875877
22,KAZ,3,4,0,7,2000,130.0,3.0,4.0,0.0,47.0,34.0,3.8258336929747223
23,BLR,3,3,11,17,2000,139.0,3.0,7.0,9.0,51.0,54.0,4.505778023700579
24,CAN,3,3,8,14,2000,294.0,2.0,2.0,18.0,97.0,98.0,3.7828183670616466
25,ESP,3,3,5,11,2000,316.0,2.0,19.0,18.0,133.0,92.0,4.452150290567602
26,TUR,3,0,2,5,2000,57.0,3.0,0.0,2.0,25.0,15.0,4.039622970164992
29,KEN,2,3,2,7,2000,56.0,2.0,3.0,2.0,17.0,7.0,3.782818367061647
30,DNK,2,3,1,6,2000,,,,,,,
31,FIN,2,1,1,4,2000,70.0,3.0,0.0,1.0,22.0,14.0,3.552559857762242
32,AUT,2,1,0,3,2000,92.0,3.0,1.0,0.0,31.0,26.0,3.8793553197182296
33,LTU,2,0,3,5,2000,61.0,2.0,0.0,15.0,27.0,16.0,4.98264315205269
34,AZE,2,0,1,3,2000,31.0,2.0,0.0,1.0,12.0,6.0,4.010954678118661
34,BHS,2,0,1,3,2000,,,,,,,
36,SVN,2,0,0,2,2000,,,,,,,
37,CHE,1,6,2,9,2000,,,,,,,
38,IDN,1,3,2,6,2000,,,,,,,
39,SVK,1,3,1,5,2000,108.0,2.0,1.0,1.0,37.0,25.0,4.221406003822417
40,MEX,1,2,3,6,2000,78.0,1.0,2.0,3.0,26.0,30.0,3.808121499951691
41,NGA,1,2,0,3,2000,,,,,,,
42,DZA,1,1,3,5,2000,,,,,,,
43,UZB,1,1,2,4,2000,70.0,1.0,1.0,2.0,25.0,20.0,4.013076876361051
44,LVA,1,1,1,3,2000,,,,,,,
46,NZL,1,0,3,4,2000,147.0,1.0,0.0,3.0,42.0,25.0,3.3050711198758074
47,EST,1,0,2,3,2000,33.0,1.0,0.0,2.0,17.0,12.0,4.535394880139787
47,THA,1,0,2,3,2000,52.0,1.0,0.0,2.0,20.0,12.0,3.8966824650668466
49,HRV,1,0,1,2,2000,,,,,,,
50,CMR,1,0,0,1,2000,34.0,18.0,0.0,0.0,5.0,6.0,4.063385458224787
50,COL,1,0,0,1,2000,44.0,1.0,0.0,0.0,18.0,16.0,3.820197995194667
50,MOZ,1,0,0,1,2000,4.0,1.0,0.0,0.0,1.0,0.0,4.02952391273958
53,BRA,0,6,6,12,2000,196.0,0.0,7.0,28.0,100.0,45.0,5.615488134954868
54,JAM,0,6,3,9,2000,48.0,0.0,9.0,2.0,24.0,22.0,5.612551164172987
55,BEL,0,2,3,5,2000,68.0,0.0,2.0,2.0,20.0,25.0,3.5893238214318948
55,ZAF,0,2,3,5,2000,,,,,,,
57,ARG,0,2,2,4,2000,142.0,0.0,16.0,3.0,67.0,27.0,4.8159702297128995
58,TPE,0,1,4,5,2000,55.0,0.0,1.0,4.0,12.0,17.0,3.349214680718612
58,MAR,0,1,4,5,2000,55.0,0.0,1.0,4.0,16.0,5.0,3.558540598263525
60,PRK,0,1,3,4,2000,31.0,0.0,1.0,3.0,7.0,6.0,3.491016108732908
61,MDA,0,1,1,2,2000,34.0,0.0,1.0,1.0,18.0,8.0,4.266554731136027
61,SAU,0,1,1,2,2000,,,,,,,
61,TTO,0,1,1,2,2000,19.0,0.0,1.0,0.0,8.0,10.0,4.726358875093042
64,IRL,0,1,0,1,2000,64.0,0.0,1.0,0.0,23.0,21.0,3.7057228840372924
64,LKA,0,1,0,1,2000,,,,,,,
64,URY,0,1,0,1,2000,,,,,,,
68,GEO,0,0,6,6,2000,36.0,0.0,0.0,6.0,18.0,9.0,4.797052277070929
69,CRI,0,0,2,2,2000,,,,,,,
69,PRT,0,0,2,2,2000,,,,,,,
71,ARM,0,0,1,1,2000,25.0,0.0,0.0,1.0,10.0,6.0,3.4078259376311877
71,BRB,0,0,1,1,2000,,,,,,,
71,CHL,0,0,1,1,2000,,,,,,,
71,ISL,0,0,1,1,2000,18.0,0.0,0.0,1.0,9.0,7.0,4.093484609767192
71,IND,0,0,1,1,2000,65.0,0.0,0.0,1.0,19.0,8.0,3.4007410604219754
71,ISR,0,0,1,1,2000,39.0,0.0,0.0,1.0,12.0,15.0,3.4833979611961206
71,KWT,0,0,1,1,2000,,,,,,,
71,KGZ,0,0,1,1,2000,48.0,0.0,0.0,1.0,10.0,19.0,2.9741724117839756
71,QAT,0,0,1,1,2000,17.0,0.0,0.0,1.0,5.0,2.0,3.657046912402308
1,USA,36,39,26,101,2004,533.0,84.0,36.0,52.0,312.0,180.0,6.899115184824562
2,CHN,32,17,14,63,2004,372.0,41.0,14.0,12.0,209.0,119.0,5.669806304254156
4,AUS,17,16,17,50,2004,470.0,30.0,67.0,22.0,287.0,148.0,6.14349299279688
5,JPN,16,9,12,37,2004,305.0,13.0,14.0,43.0,163.0,94.0,5.390313955402455
6,DEU,13,16,20,49,2004,,,,,,,
7,FRA,11,9,13,33,2004,308.0,9.0,9.0,11.0,179.0,120.0,5.472377558674161
8,ITA,10,11,11,32,2004,364.0,20.0,34.0,35.0,228.0,105.0,5.920933096270404
10,GBR,9,9,12,30,2004,264.0,13.0,16.0,13.0,181.0,120.0,6.192558394037018
11,CUB,9,7,11,27,2004,151.0,32.0,8.0,22.0,98.0,37.0,5.992820804944769
12,HUN,8,6,3,17,2004,208.0,20.0,8.0,1.0,141.0,74.0,6.099636472306343
13,UKR,8,5,9,22,2004,239.0,6.0,8.0,27.0,149.0,89.0,5.308470235312633
14,ROU,8,5,6,19,2004,108.0,12.0,2.0,1.0,72.0,49.0,6.268148308706014
15,GRC,6,6,4,16,2004,,,,,,,
16,BRA,5,2,3,10,2004,241.0,17.0,19.0,3.0,165.0,73.0,6.114748794672986
17,NOR,5,0,1,6,2004,52.0,4.0,0.0,1.0,35.0,14.0,5.402218872024492
18,NLD,4,9,9,22,2004,,,,,,,
19,SWE,4,2,1,7,2004,114.0,2.0,1.0,2.0,86.0,52.0,5.85745330673924
20,ESP,3,11,6,20,2004,313.0,2.0,12.0,6.0,209.0,92.0,5.583584937963198
21,CAN,3,6,3,12,2004,262.0,2.0,10.0,1.0,152.0,101.0,4.622747171430794
22,TUR,3,3,4,10,2004,64.0,3.0,3.0,5.0,39.0,20.0,4.605170185988092
23,POL,3,2,5,10,2004,194.0,3.0,1.0,5.0,128.0,71.0,5.222357942873094
24,NZL,3,2,0,5,2004,148.0,4.0,2.0,0.0,90.0,38.0,4.760750259839041
25,THA,3,1,4,8,2004,42.0,3.0,1.0,4.0,27.0,12.0,5.208228186534152
26,BLR,2,5,6,13,2004,151.0,2.0,5.0,6.0,105.0,50.0,5.687842646932312
27,AUT,2,4,1,7,2004,74.0,3.0,3.0,0.0,52.0,34.0,5.507534614323596
28,ETH,2,3,2,7,2004,26.0,1.0,3.0,2.0,13.0,5.0,5.667901767369959
29,SVK,2,2,2,6,2004,64.0,3.0,2.0,5.0,43.0,23.0,5.792440624563147
31,TPE,2,2,1,5,2004,88.0,2.0,1.0,0.0,48.0,23.0,4.369678528750065
32,GEO,2,2,0,4,2004,32.0,2.0,2.0,0.0,25.0,8.0,5.9003743007972425
33,BGR,2,1,9,12,2004,,,,,,,
34,DNK,2,1,5,8,2004,,,,,,,
35,JAM,2,1,2,5,2004,47.0,1.0,1.0,4.0,34.0,22.0,7.152711139938951
35,UZB,2,1,2,5,2004,69.0,2.0,1.0,2.0,37.0,26.0,4.605170185988092
37,MAR,2,1,0,3,2004,55.0,1.0,1.0,0.0,24.0,6.0,3.893462066335387
38,ARG,2,0,4,6,2004,151.0,28.0,0.0,18.0,94.0,35.0,6.05381643654726
39,CHL,2,0,1,3,2004,,,,,,,
40,KAZ,1,4,3,8,2004,114.0,1.0,4.0,3.0,73.0,27.0,4.645566415689742
41,KEN,1,4,2,7,2004,46.0,1.0,4.0,2.0,21.0,6.0,4.755338779009443
43,ZAF,1,3,2,6,2004,,,,,,,
44,HRV,1,2,2,5,2004,,,,,,,
45,LTU,1,2,0,3,2004,59.0,1.0,2.0,0.0,39.0,13.0,5.4247343716300405
46,EGY,1,1,3,5,2004,96.0,1.0,1.0,3.0,45.0,21.0,4.149450219666353
46,CHE,1,1,3,5,2004,,,,,,,
48,IDN,1,1,2,4,2004,,,,,,,
49,ZWE,1,1,1,3,2004,,,,,,,
50,AZE,1,0,4,5,2004,36.0,1.0,0.0,3.0,17.0,5.0,4.413288094905255
51,BEL,1,0,2,3,2004,50.0,1.0,0.0,2.0,31.0,23.0,4.973583800867139
52,BHS,1,0,1,2,2004,,,,,,,
52,ISR,1,0,1,2,2004,36.0,1.0,0.0,1.0,24.0,9.0,4.797052277070929
54,CMR,1,0,0,1,2004,17.0,1.0,0.0,0.0,9.0,7.0,4.198831640165613
54,DOM,1,0,0,1,2004,33.0,1.0,0.0,0.0,16.0,9.0,4.2562936567465695
54,ARE,1,0,0,1,2004,,,,,,,
57,PRK,0,4,1,5,2004,36.0,0.0,4.0,0.0,12.0,17.0,3.965563215711968
58,LVA,0,4,0,4,2004,,,,,,,
59,MEX,0,3,1,4,2004,109.0,0.0,2.0,1.0,39.0,33.0,4.013680437329071
60,PRT,0,2,1,3,2004,,,,,,,
61,FIN,0,2,0,2,2004,53.0,0.0,2.0,0.0,29.0,12.0,4.5182801824788825
63,SVN,0,1,3,4,2004,,,,,,,
64,EST,0,1,2,3,2004,42.0,0.0,1.0,2.0,27.0,11.0,5.153404731939055
65,HKG,0,1,0,1,2004,32.0,0.0,0.0,0.0,27.0,17.0,5.1808164592366035
65,IND,0,1,0,1,2004,73.0,0.0,1.0,0.0,40.0,18.0,4.542085662892365
65,PRY,0,1,0,1,2004,,,,,,,
68,COL,0,0,2,2,2004,53.0,0.0,0.0,1.0,33.0,24.0,4.909285198270323
68,NGA,0,0,2,2,2004,,,,,,,
71,ERI,0,0,1,1,2004,4.0,0.0,0.0,0.0,3.0,3.0,8.059047825479162
71,MNG,0,0,1,1,2004,,,,,,,
71,TTO,0,0,1,1,2004,19.0,0.0,0.0,0.0,15.0,10.0,6.180623144352439
1,CHN,48,22,30,100,2008,583.0,41.0,42.0,40.0,286.0,158.0,5.268693849149326
2,USA,36,39,37,112,2008,587.0,89.0,76.0,60.0,328.0,186.0,7.06858319859501
4,GBR,19,13,19,51,2008,303.0,25.0,22.0,15.0,211.0,142.0,6.672177266167566
5,DEU,16,11,14,41,2008,,,,,,,
6,AUS,14,15,17,46,2008,432.0,16.0,21.0,62.0,289.0,168.0,6.662572607042956
8,JPN,9,8,8,25,2008,332.0,22.0,5.0,7.0,178.0,115.0,5.388881377278234
9,ITA,8,9,10,27,2008,333.0,8.0,11.0,9.0,221.0,123.0,6.230117623986893
10,FRA,7,16,20,43,2008,309.0,18.0,16.0,24.0,195.0,131.0,6.1029682561881025
11,NLD,7,5,4,16,2008,,,,,,,
12,UKR,7,4,11,22,2008,243.0,6.0,5.0,14.0,165.0,98.0,5.495882114965212
13,KEN,6,4,6,16,2008,46.0,6.0,4.0,5.0,20.0,6.0,5.155788360399711
14,ESP,5,11,3,19,2008,282.0,7.0,40.0,16.0,204.0,81.0,6.270870040494423
15,JAM,5,4,2,11,2008,50.0,4.0,3.0,2.0,35.0,20.0,7.368272297580948
16,POL,4,5,2,11,2008,257.0,5.0,10.0,1.0,170.0,97.0,5.223373965819178
17,ETH,4,2,1,7,2008,27.0,2.0,1.0,2.0,15.0,6.0,6.054945985280638
18,ROU,4,1,4,9,2008,101.0,4.0,1.0,8.0,63.0,38.0,6.1098297517069735
19,CUB,3,10,17,30,2008,158.0,2.0,34.0,10.0,98.0,34.0,5.858475996098775
20,CAN,3,9,8,20,2008,332.0,11.0,9.0,10.0,178.0,123.0,4.854848087638048
21,HUN,3,5,2,10,2008,169.0,13.0,4.0,3.0,125.0,62.0,6.935004806709878
22,NOR,3,5,1,9,2008,84.0,16.0,4.0,1.0,49.0,25.0,5.811286187080211
23,BRA,3,4,10,17,2008,265.0,14.0,34.0,24.0,194.0,88.0,6.664463269156352
24,BLR,3,4,7,14,2008,177.0,4.0,5.0,16.0,114.0,52.0,5.59385079088949
26,SVK,3,3,0,6,2008,57.0,4.0,5.0,1.0,46.0,19.0,6.948151508683788
27,NZL,3,2,4,9,2008,178.0,4.0,2.0,8.0,111.0,51.0,5.32957897928959
28,GEO,3,2,2,7,2008,35.0,3.0,0.0,3.0,21.0,8.0,5.1972634956151325
29,KAZ,2,3,4,9,2008,130.0,2.0,4.0,7.0,58.0,25.0,4.091516588320189
30,DNK,2,2,3,7,2008,,,,,,,
31,PRK,2,2,2,6,2008,58.0,1.0,1.0,3.0,21.0,12.0,4.009674041248252
31,THA,2,2,2,6,2008,47.0,2.0,2.0,0.0,23.0,13.0,4.801134874753543
33,MNG,2,2,0,4,2008,,,,,,,
34,CHE,2,1,4,7,2008,,,,,,,
35,ARG,2,0,4,6,2008,131.0,19.0,0.0,30.0,68.0,27.0,6.151944904945924
36,MEX,2,0,2,4,2008,83.0,2.0,0.0,0.0,48.0,34.0,4.910332065782483
37,BEL,2,0,0,2,2008,94.0,1.0,3.0,0.0,42.0,26.0,4.507187841605367
38,ZWE,1,3,0,4,2008,,,,,,,
39,SVN,1,2,2,5,2008,,,,,,,
40,AZE,1,1,4,6,2008,44.0,1.0,2.0,4.0,23.0,7.0,4.814496103533005
40,IDN,1,1,4,6,2008,,,,,,,
42,BGR,1,1,3,5,2008,,,,,,,
42,TUR,1,1,3,5,2008,67.0,1.0,3.0,3.0,46.0,17.0,5.223775136344701
44,TPE,1,1,2,4,2008,79.0,0.0,0.0,4.0,49.0,16.0,4.488583599001051
44,FIN,1,1,2,4,2008,57.0,1.0,2.0,2.0,29.0,17.0,4.766755104794691
46,LVA,1,1,1,3,2008,,,,,,,
47,DOM,1,1,0,2,2008,24.0,1.0,1.0,0.0,13.0,10.0,4.988934368153767
47,EST,1,1,0,2,2008,47.0,1.0,2.0,0.0,32.0,19.0,5.5849936298153455
47,PRT,1,1,0,2,2008,,,,,,,
47,TTO,1,1,0,2,2008,28.0,2.0,1.0,0.0,17.0,12.0,6.414344187626271
51,IND,1,0,2,3,2008,53.0,1.0,0.0,2.0,30.0,18.0,5.1265102070433475
53,CMR,1,0,0,1,2008,32.0,1.0,0.0,0.0,9.0,3.0,3.238010287022877
53,PAN,1,0,0,1,2008,5.0,1.0,0.0,0.0,3.0,0.0,5.065687204586901
53,TUN,1,0,0,1,2008,26.0,0.0,0.0,0.0,14.0,4.0,5.136535976679026
56,SWE,0,4,1,5,2008,123.0,0.0,3.0,2.0,84.0,51.0,5.765822834489155
57,LTU,0,3,2,5,2008,71.0,0.0,2.0,3.0,48.0,16.0,5.513231912802645
57,NGA,0,3,2,5,2008,,,,,,,
59,HRV,0,2,3,5,2008,,,,,,,
60,COL,0,2,1,3,2008,67.0,0.0,1.0,1.0,45.0,22.0,4.983206544539353
60,GRC,0,2,1,3,2008,,,,,,,
62,ARM,0,1,4,5,2008,24.0,0.0,0.0,5.0,13.0,7.0,5.084875413695184
63,UZB,0,1,3,4,2008,56.0,1.0,2.0,2.0,41.0,25.0,5.427522004914537
64,AUT,0,1,2,3,2008,70.0,0.0,1.0,2.0,56.0,30.0,6.249873823840982
64,IRL,0,1,2,3,2008,55.0,0.0,1.0,2.0,31.0,16.0,4.730765736515039
64,KGZ,0,1,2,3,2008,20.0,0.0,1.0,1.0,12.0,6.0,4.374911676688687
64,SRB,0,1,2,3,2008,87.0,0.0,0.0,14.0,60.0,21.0,6.59015733512089
68,DZA,0,1,1,2,2008,,,,,,,
68,BHS,0,1,1,2,2008,,,,,,,
68,MAR,0,1,1,2,2008,47.0,0.0,1.0,1.0,29.0,9.0,4.409205497222641
68,TJK,0,1,1,2,2008,15.0,0.0,1.0,1.0,8.0,4.0,4.912181531720631
72,CHL,0,1,0,1,2008,,,,,,,
72,ECU,0,1,0,1,2008,25.0,0.0,1.0,0.0,13.0,9.0,4.51306678226833
72,ISL,0,1,0,1,2008,27.0,0.0,14.0,0.0,22.0,5.0,6.310788773391089
72,MYS,0,1,0,1,2008,,,,,,,
72,WSM,0,1,0,1,2008,,,,,,,
72,SGP,0,1,0,1,2008,25.0,0.0,0.0,0.0,14.0,13.0,4.789376993427616
72,ZAF,0,1,0,1,2008,,,,,,,
72,SDN,0,1,0,1,2008,,,,,,,
81,EGY,0,0,2,2,2008,100.0,0.0,0.0,1.0,54.0,27.0,4.1907048692491635
82,AFG,0,0,1,1,2008,4.0,0.0,0.0,1.0,4.0,2.0,6.332109005733626
82,ISR,0,0,1,1,2008,43.0,0.0,0.0,1.0,25.0,13.0,4.712267167057582
82,MUS,0,0,1,1,2008,,,,,,,
82,MDA,0,0,1,1,2008,29.0,0.0,0.0,1.0,20.0,7.0,5.240366073710588
82,TGO,0,0,1,1,2008,,,,,,,
1,USA,48,26,30,104,2012,529.0,95.0,39.0,33.0,343.0,191.0,7.4083172557199735
2,CHN,39,31,22,92,2012,365.0,34.0,30.0,22.0,230.0,120.0,6.119198740285547
3,GBR,29,18,18,65,2012,530.0,35.0,19.0,41.0,267.0,194.0,5.448003220027421
6,DEU,11,20,13,44,2012,,,,,,,
7,FRA,11,11,13,35,2012,324.0,25.0,23.0,13.0,205.0,132.0,6.118906682308252
8,AUS,8,15,12,35,2012,405.0,14.0,22.0,50.0,271.0,163.0,6.390384307469895
9,ITA,8,9,11,28,2012,281.0,6.0,22.0,26.0,207.0,120.0,6.858589760982264
10,HUN,8,4,6,18,2012,151.0,8.0,7.0,5.0,114.0,51.0,6.923004186882761
11,JPN,7,14,17,38,2012,291.0,7.0,29.0,22.0,161.0,115.0,5.61799112036348
13,NLD,6,6,8,20,2012,,,,,,,
14,NZL,6,2,5,13,2012,178.0,9.0,3.0,10.0,114.0,66.0,5.588296405468696
15,UKR,5,4,10,19,2012,230.0,9.0,4.0,6.0,152.0,87.0,5.346001911560089
16,CUB,5,3,7,15,2012,109.0,5.0,3.0,6.0,68.0,27.0,5.175535300766433
17,ESP,4,10,6,20,2012,278.0,5.0,31.0,23.0,185.0,68.0,5.822724174010124
18,JAM,4,5,4,13,2012,45.0,5.0,3.0,5.0,33.0,20.0,8.033463546668116
20,ZAF,4,1,1,6,2012,,,,,,,
21,PRK,4,0,2,6,2012,51.0,4.0,0.0,2.0,18.0,9.0,3.702195639715917
22,BRA,3,5,9,17,2012,246.0,14.0,32.0,11.0,193.0,92.0,6.8703148709659745
23,KAZ,3,2,6,11,2012,113.0,7.0,1.0,5.0,58.0,30.0,4.503285889837913
23,POL,3,2,6,11,2012,210.0,2.0,2.0,8.0,150.0,84.0,5.548133605023749
25,ETH,3,2,3,8,2012,33.0,2.0,1.0,3.0,20.0,6.0,5.582024467864353
26,HRV,3,1,2,6,2012,,,,,,,
27,CAN,2,6,10,18,2012,272.0,1.0,20.0,28.0,169.0,112.0,5.42631266400435
28,BLR,2,5,3,10,2012,160.0,2.0,11.0,6.0,92.0,44.0,5.310336870717519
29,KEN,2,4,7,13,2012,47.0,2.0,3.0,4.0,26.0,12.0,5.340037768858532
30,DNK,2,4,3,9,2012,,,,,,,
31,ROU,2,4,1,7,2012,105.0,1.0,4.0,4.0,52.0,39.0,5.153404731939055
32,AZE,2,2,5,9,2012,52.0,2.0,2.0,6.0,35.0,16.0,5.225096941794181
33,CHE,2,2,0,4,2012,,,,,,,
34,NOR,2,1,1,4,2012,61.0,15.0,1.0,1.0,45.0,21.0,7.020997168801517
35,LTU,2,0,3,5,2012,62.0,1.0,1.0,2.0,43.0,16.0,5.5707703862759175
36,TUN,2,0,1,3,2012,83.0,0.0,1.0,1.0,39.0,13.0,3.9393624482548733
37,SWE,1,4,3,8,2012,133.0,2.0,17.0,3.0,91.0,55.0,5.955558436014676
38,COL,1,3,5,9,2012,101.0,1.0,3.0,4.0,61.0,23.0,4.559574441572368
39,MEX,1,3,4,8,2012,99.0,16.0,2.0,3.0,50.0,27.0,4.6516870565536275
40,GEO,1,2,3,6,2012,34.0,1.0,3.0,3.0,16.0,6.0,5.214678004721811
41,IRL,1,1,4,6,2012,64.0,1.0,1.0,3.0,36.0,24.0,4.785059646378252
42,ARG,1,1,2,4,2012,137.0,1.0,15.0,3.0,95.0,33.0,5.966552613232747
42,SRB,1,1,2,4,2012,116.0,1.0,0.0,14.0,71.0,31.0,5.518264274589179
42,SVN,1,1,2,4,2012,,,,,,,
42,TTO,1,1,2,4,2012,25.0,1.0,2.0,3.0,21.0,15.0,7.920892719899518
46,TUR,1,1,1,3,2012,112.0,2.0,2.0,1.0,51.0,21.0,3.9884063217932577
47,DOM,1,1,0,2,2012,33.0,1.0,1.0,0.0,15.0,9.0,4.1865183508982655
48,TPE,1,0,1,2,2012,44.0,0.0,1.0,1.0,29.0,17.0,4.97149054169169
48,LVA,1,0,1,2,2012,,,,,,,
50,DZA,1,0,0,1,2012,,,,,,,
50,BHS,1,0,0,1,2012,,,,,,,
50,BHR,1,0,0,1,2012,,,,,,,
50,GRD,1,0,0,1,2012,,,,,,,
50,UGA,1,0,0,1,2012,15.0,1.0,0.0,0.0,8.0,4.0,3.991147494523013
56,EGY,0,3,1,4,2012,109.0,0.0,2.0,0.0,51.0,35.0,4.140428240613147
57,IND,0,2,4,6,2012,81.0,0.0,1.0,4.0,41.0,24.0,4.633597162444809
58,MNG,0,2,3,5,2012,,,,,,,
59,THA,0,2,2,4,2012,37.0,0.0,2.0,1.0,22.0,14.0,5.227490481391888
60,BGR,0,2,1,3,2012,,,,,,,
60,FIN,0,2,1,3,2012,56.0,0.0,1.0,4.0,37.0,15.0,4.975228504504992
60,IDN,0,2,1,3,2012,,,,,,,
63,SVK,0,1,3,4,2012,47.0,0.0,1.0,4.0,35.0,23.0,6.515825901451237
64,BEL,0,1,2,3,2012,111.0,0.0,1.0,2.0,60.0,39.0,4.791866274609231
65,ARM,0,1,1,2,2012,24.0,0.0,1.0,2.0,14.0,7.0,5.1808164592366035
65,EST,0,1,1,2,2012,32.0,0.0,1.0,1.0,23.0,12.0,5.972330084953307
65,MYS,0,1,1,2,2012,,,,,,,
65,PRI,0,1,1,2,2012,,,,,,,
65,QAT,0,1,1,2,2012,12.0,0.0,0.0,2.0,4.0,3.0,4.797052277070929
70,BWA,0,1,0,1,2012,,,,,,,
70,CYP,0,1,0,1,2012,13.0,0.0,1.0,0.0,9.0,4.0,6.1992675580608925
70,GAB,0,1,0,1,2012,21.0,0.0,1.0,0.0,3.0,0.0,3.0701134573253945
70,GTM,0,1,0,1,2012,,,,,,,
70,MNE,0,1,0,1,2012,33.0,0.0,14.0,0.0,28.0,2.0,6.279777526347398
70,PRT,0,1,0,1,2012,,,,,,,
76,UZB,0,0,3,3,2012,53.0,1.0,0.0,2.0,33.0,17.0,5.343735215816371
77,GRC,0,0,2,2,2012,,,,,,,
77,SGP,0,0,2,2,2012,23.0,0.0,0.0,2.0,14.0,13.0,5.205844558073495
79,AFG,0,0,1,1,2012,6.0,0.0,0.0,1.0,3.0,2.0,4.605170185988092
79,CMR,0,0,1,1,2012,32.0,0.0,0.0,0.0,6.0,1.0,2.8062755820864935
79,HKG,0,0,1,1,2012,41.0,0.0,0.0,0.0,18.0,16.0,3.9874034537213965
79,KWT,0,0,1,1,2012,,,,,,,
79,MAR,0,0,1,1,2012,63.0,0.0,0.0,1.0,23.0,7.0,3.3625052151659083
79,SAU,0,0,1,1,2012,,,,,,,
79,TJK,0,0,1,1,2012,16.0,0.0,0.0,1.0,7.0,4.0,4.74908175430022
1,USA,46,37,38,121,2016,555.0,88.0,31.0,51.0,286.0,240.0,6.451387062352687
2,GBR,27,23,17,67,2016,360.0,56.0,38.0,15.0,218.0,176.0,6.287336517814298
3,CHN,26,18,26,70,2016,390.0,36.0,24.0,30.0,133.0,102.0,4.746867730172341
5,DEU,17,10,15,42,2016,,,,,,,
6,JPN,12,8,21,41,2016,335.0,14.0,6.0,25.0,175.0,159.0,4.9900799328766485
7,FRA,10,18,14,42,2016,392.0,9.0,49.0,17.0,177.0,150.0,4.9164890888673884
9,ITA,8,12,8,28,2016,309.0,7.0,36.0,23.0,197.0,162.0,5.79744725679407
10,AUS,8,11,10,29,2016,420.0,20.0,21.0,8.0,246.0,202.0,5.422039659455027
11,NLD,8,7,4,19,2016,,,,,,,
12,HUN,8,3,4,15,2016,153.0,6.0,2.0,3.0,86.0,55.0,5.62854133842989
13,BRA,7,6,6,19,2016,458.0,36.0,4.0,5.0,192.0,142.0,4.575005315774196
14,ESP,7,4,6,17,2016,306.0,6.0,19.0,16.0,139.0,69.0,4.7932898831281285
15,KEN,6,6,1,13,2016,79.0,6.0,5.0,1.0,21.0,12.0,3.96394395755937
16,JAM,6,3,2,11,2016,56.0,6.0,6.0,2.0,27.0,29.0,6.455461778572593
17,HRV,5,3,2,10,2016,,,,,,,
18,CUB,5,2,4,11,2016,117.0,5.0,2.0,4.0,43.0,31.0,4.172205467647331
19,NZL,4,9,5,18,2016,195.0,6.0,23.0,4.0,114.0,97.0,5.408122936365503
20,CAN,4,3,15,22,2016,309.0,4.0,2.0,47.0,171.0,155.0,5.015015429077646
21,UZB,4,2,7,13,2016,70.0,4.0,2.0,7.0,31.0,23.0,4.7367464770163235
22,COL,3,2,3,8,2016,143.0,3.0,2.0,3.0,52.0,20.0,3.7517645221511375
23,CHE,3,2,2,7,2016,,,,,,,
25,GRC,3,1,2,6,2016,,,,,,,
26,ARG,3,1,0,4,2016,215.0,21.0,1.0,0.0,88.0,43.0,4.273169544672671
27,DNK,2,6,7,15,2016,,,,,,,
28,SWE,2,6,3,11,2016,150.0,1.0,22.0,2.0,81.0,56.0,5.096388339160155
29,ZAF,2,6,2,10,2016,,,,,,,
30,KAZ,2,5,10,17,2016,101.0,2.0,5.0,10.0,41.0,35.0,4.126414869622993
31,UKR,2,5,4,11,2016,204.0,1.0,5.0,5.0,108.0,91.0,4.7067548224437115
32,SRB,2,4,2,8,2016,103.0,14.0,27.0,13.0,51.0,33.0,5.789995525101532
33,POL,2,3,6,11,2016,234.0,3.0,3.0,10.0,131.0,91.0,4.575649864283039
34,PRK,2,3,2,7,2016,30.0,2.0,3.0,1.0,15.0,10.0,4.912181531720631
35,BEL,2,2,2,6,2016,104.0,2.0,17.0,2.0,57.0,45.0,4.826572598775981
35,THA,2,2,2,6,2016,54.0,2.0,2.0,2.0,25.0,20.0,4.3919678625627165
37,SVK,2,2,0,4,2016,51.0,3.0,3.0,0.0,27.0,17.0,4.966360004496962
38,GEO,2,1,4,7,2016,40.0,2.0,1.0,4.0,21.0,17.0,4.950557949937199
39,AZE,1,7,10,18,2016,56.0,1.0,7.0,10.0,28.0,14.0,5.1808164592366035
40,BLR,1,4,4,9,2016,120.0,1.0,4.0,5.0,55.0,32.0,4.70111123152951
41,TUR,1,3,4,8,2016,100.0,1.0,3.0,4.0,45.0,23.0,3.960446359949759
42,ARM,1,3,0,4,2016,31.0,1.0,3.0,0.0,10.0,8.0,4.159508555086018
44,ETH,1,2,5,8,2016,37.0,0.0,2.0,5.0,15.0,6.0,4.4184740973669525
45,SVN,1,2,1,4,2016,,,,,,,
46,IDN,1,2,0,3,2016,,,,,,,
47,ROU,1,1,2,4,2016,95.0,1.0,1.0,8.0,41.0,30.0,4.508219234704132
48,BHR,1,1,0,2,2016,,,,,,,
50,TPE,1,0,2,3,2016,55.0,1.0,0.0,1.0,19.0,17.0,3.809731699317421
51,BHS,1,0,1,2,2016,,,,,,,
51,CIV,1,0,1,2,2016,12.0,1.0,0.0,1.0,4.0,4.0,3.8376418216567436
54,FJI,1,0,0,1,2016,,,,,,,
54,JOR,1,0,0,1,2016,8.0,1.0,0.0,0.0,3.0,2.0,3.7417007761153247
54,PRI,1,0,0,1,2016,,,,,,,
54,SGP,1,0,0,1,2016,24.0,0.0,0.0,0.0,8.0,8.0,3.9335828671981616
54,TJK,1,0,0,1,2016,7.0,1.0,0.0,0.0,4.0,3.0,4.93411091355867
60,MYS,0,4,1,5,2016,,,,,,,
61,MEX,0,3,2,5,2016,122.0,0.0,3.0,2.0,38.0,23.0,3.6426141225233675
63,DZA,0,2,0,2,2016,,,,,,,
63,IRL,0,2,0,2,2016,76.0,0.0,3.0,0.0,35.0,31.0,4.02952391273958
65,LTU,0,1,3,4,2016,67.0,0.0,2.0,5.0,33.0,15.0,4.398968535869222
66,BGR,0,1,2,3,2016,,,,,,,
67,IND,0,1,1,2,2016,112.0,0.0,1.0,1.0,47.0,33.0,3.9678475263200967
67,MNG,0,1,1,2,2016,,,,,,,
69,BDI,0,1,0,1,2016,9.0,0.0,1.0,0.0,4.0,3.0,4.605170185988092
69,GRD,0,1,0,1,2016,,,,,,,
69,NER,0,1,0,1,2016,,,,,,,
69,PHL,0,1,0,1,2016,,,,,,,
69,QAT,0,1,0,1,2016,37.0,0.0,1.0,0.0,6.0,7.0,3.23606553609974
74,NOR,0,0,4,4,2016,62.0,0.0,0.0,19.0,38.0,27.0,6.0164320171779915
75,EGY,0,0,3,3,2016,118.0,0.0,0.0,3.0,46.0,37.0,3.7075522683802435
75,TUN,0,0,3,3,2016,61.0,0.0,0.0,3.0,27.0,9.0,4.114455330104115
77,ISR,0,0,2,2,2016,47.0,0.0,0.0,2.0,21.0,15.0,4.01727611969174
78,AUT,0,0,1,1,2016,71.0,0.0,0.0,2.0,39.0,30.0,4.70246251386108
78,DOM,0,0,1,1,2016,26.0,0.0,0.0,1.0,6.0,6.0,3.188194744145602
78,EST,0,0,1,1,2016,46.0,0.0,0.0,4.0,27.0,20.0,5.105732162725928
78,FIN,0,0,1,1,2016,54.0,0.0,0.0,1.0,26.0,16.0,4.306686933192568
78,MAR,0,0,1,1,2016,48.0,0.0,0.0,1.0,21.0,12.0,3.645759730573906
78,NGA,0,0,1,1,2016,,,,,,,
78,PRT,0,0,1,1,2016,,,,,,,
78,TTO,0,0,1,1,2016,28.0,0.0,0.0,1.0,22.0,17.0,6.989990460874782
78,ARE,0,0,1,1,2016,,,,,,,
1,USA,39,41,33,113,2020,633.0,85.0,77.0,55.0,147.0,244.0,4.656096238597755
2,CHN,38,32,19,89,2020,417.0,39.0,38.0,27.0,8.0,100.0,3.1750274064066577
3,JPN,27,14,17,58,2020,613.0,62.0,23.0,13.0,128.0,201.0,3.6435685810835636
4,GBR,22,20,22,64,2020,392.0,20.0,29.0,47.0,98.0,161.0,4.352590698746398
6,AUS,17,7,22,46,2020,489.0,17.0,27.0,38.0,141.0,198.0,4.101332548052789
7,NLD,10,12,14,36,2020,,,,,,,
8,FRA,10,12,11,33,2020,396.0,51.0,36.0,27.0,77.0,146.0,3.983007042174044
9,DEU,10,11,16,37,2020,,,,,,,
10,ITA,10,10,20,40,2020,377.0,18.0,8.0,24.0,103.0,169.0,4.018835520398095
11,CAN,7,7,10,24,2020,386.0,35.0,5.0,23.0,106.0,152.0,3.8953058697541763
12,BRA,7,6,8,21,2020,319.0,28.0,17.0,9.0,61.0,103.0,3.572976868439037
13,NZL,7,6,7,20,2020,228.0,26.0,24.0,8.0,72.0,97.0,4.23150506124783
14,CUB,7,3,5,15,2020,69.0,7.0,3.0,5.0,1.0,14.0,2.936630263528638
15,HUN,6,7,7,20,2020,171.0,4.0,7.0,31.0,15.0,62.0,3.447144934540794
17,POL,4,5,5,14,2020,218.0,6.0,13.0,4.0,47.0,84.0,3.42219068867005
19,KEN,4,4,2,10,2020,87.0,3.0,4.0,2.0,7.0,8.0,2.9907139713600825
20,NOR,4,2,2,8,2020,93.0,5.0,2.0,16.0,14.0,24.0,3.441498149743789
21,JAM,4,1,4,9,2020,61.0,5.0,1.0,6.0,15.0,32.0,4.189949923317034
22,ESP,3,8,6,17,2020,334.0,2.0,42.0,21.0,4.0,56.0,2.8403145458489427
23,SWE,3,6,0,9,2020,136.0,6.0,27.0,0.0,31.0,45.0,3.775562321600531
24,CHE,3,4,6,13,2020,,,,,,,
25,DNK,3,4,4,11,2020,,,,,,,
26,HRV,3,3,2,8,2020,,,,,,,
28,SRB,3,1,5,9,2020,87.0,15.0,1.0,18.0,5.0,19.0,3.4671108871519545
29,BEL,3,1,3,7,2020,130.0,19.0,1.0,6.0,23.0,52.0,3.4184532534450067
30,BGR,3,1,2,6,2020,,,,,,,
31,SVN,3,1,1,5,2020,,,,,,,
32,UZB,3,0,2,5,2020,67.0,3.0,0.0,2.0,10.0,22.0,3.1617586351560036
33,GEO,2,5,1,8,2020,35.0,2.0,5.0,1.0,10.0,11.0,3.8157124398187046
34,TPE,2,4,6,12,2020,68.0,3.0,2.0,5.0,1.0,21.0,2.9459544572129706
35,TUR,2,2,9,13,2020,107.0,2.0,2.0,8.0,9.0,22.0,2.88361123795516
36,GRC,2,1,1,4,2020,,,,,,,
36,UGA,2,1,1,4,2020,25.0,2.0,0.0,0.0,7.0,7.0,3.4999293413509496
38,ECU,2,1,0,3,2020,47.0,2.0,1.0,0.0,2.0,8.0,2.596532126142222
39,IRL,2,0,2,4,2020,125.0,3.0,0.0,5.0,23.0,42.0,3.1315157264719025
39,ISR,2,0,2,4,2020,90.0,2.0,0.0,1.0,9.0,31.0,2.9677763420812147
41,QAT,2,0,1,3,2020,16.0,2.0,0.0,2.0,2.0,3.0,3.309966071178941
42,BHS,2,0,0,2,2020,,,,,,,
44,UKR,1,6,12,19,2020,153.0,1.0,3.0,17.0,38.0,66.0,3.7322947912583224
45,BLR,1,3,3,7,2020,103.0,1.0,4.0,3.0,4.0,24.0,2.7720441896239
46,ROU,1,3,0,4,2020,104.0,2.0,7.0,0.0,10.0,16.0,2.9003716075213464
48,IND,1,2,4,7,2020,126.0,1.0,2.0,21.0,21.0,34.0,3.2711327908407477
49,HKG,1,2,3,6,2020,44.0,1.0,0.0,3.0,0.0,17.0,2.7212369280838726
50,PHL,1,2,1,4,2020,,,,,,,
50,SVK,1,2,1,4,2020,41.0,1.0,2.0,2.0,5.0,15.0,3.2011548853819667
52,ZAF,1,2,0,3,2020,,,,,,,
53,AUT,1,1,5,7,2020,76.0,1.0,1.0,5.0,18.0,32.0,3.544769156319781
54,EGY,1,1,4,6,2020,140.0,1.0,1.0,4.0,24.0,51.0,2.976913584513731
55,IDN,1,1,3,5,2020,,,,,,,
56,ETH,1,1,2,4,2020,37.0,1.0,1.0,2.0,3.0,4.0,2.7382092997767034
56,PRT,1,1,2,4,2020,,,,,,,
58,TUN,1,1,0,2,2020,63.0,1.0,1.0,0.0,6.0,15.0,2.923917578405138
59,EST,1,0,1,2,2020,33.0,1.0,0.0,1.0,14.0,17.0,4.465619574291483
59,FJI,1,0,1,2,2020,,,,,,,
59,LVA,1,0,1,2,2020,,,,,,,
59,THA,1,0,1,2,2020,41.0,1.0,0.0,1.0,13.0,18.0,3.5381185575274365
63,BMU,1,0,0,1,2020,,,,,,,
63,MAR,1,0,0,1,2020,46.0,0.0,0.0,0.0,6.0,9.0,2.7030346743843148
63,PRI,1,0,0,1,2020,,,,,,,
66,COL,0,4,1,5,2020,69.0,0.0,4.0,1.0,1.0,10.0,2.5361806821383692
67,AZE,0,3,4,7,2020,44.0,0.0,3.0,4.0,5.0,7.0,3.192220242559927
68,DOM,0,3,2,5,2020,66.0,0.0,6.0,25.0,1.0,7.0,3.453877639491069
69,ARM,0,2,2,4,2020,17.0,0.0,2.0,1.0,5.0,6.0,4.198831640165613
70,KGZ,0,2,1,3,2020,16.0,0.0,2.0,1.0,2.0,2.0,3.0221429345546853
71,MNG,0,1,3,4,2020,,,,,,,
72,ARG,0,1,2,3,2020,189.0,0.0,18.0,25.0,24.0,36.0,3.37468820507593
72,SMR,0,1,2,3,2020,5.0,0.0,0.0,2.0,1.0,3.0,5.065687204586901
74,JOR,0,1,1,2,2020,14.0,0.0,1.0,1.0,2.0,3.0,3.1249369119204906
74,MYS,0,1,1,2,2020,,,,,,,
74,NGA,0,1,1,2,2020,,,,,,,
77,BHR,0,1,0,1,2020,,,,,,,
77,LTU,0,1,0,1,2020,42.0,0.0,1.0,0.0,7.0,13.0,3.0701134573253945
77,NAM,0,1,0,1,2020,11.0,0.0,1.0,0.0,2.0,2.0,3.349214680718612
77,MKD,0,1,0,1,2020,8.0,0.0,1.0,0.0,0.0,0.0,2.5904082296183017
77,SAU,0,1,0,1,2020,,,,,,,
77,TKM,0,1,0,1,2020,9.0,0.0,1.0,0.0,0.0,1.0,2.5584278811044956
83,KAZ,0,0,8,8,2020,97.0,0.0,0.0,8.0,20.0,32.0,3.109676775074433
84,MEX,0,0,4,4,2020,162.0,0.0,0.0,23.0,1.0,25.0,2.7005627633880787
85,FIN,0,0,2,2,2020,45.0,0.0,0.0,1.0,7.0,10.0,2.9677763420812147
86,BWA,0,0,1,1,2020,,,,,,,
86,BFA,0,0,1,1,2020,,,,,,,
86,GHA,0,0,1,1,2020,14.0,0.0,0.0,1.0,2.0,4.0,2.795996184349913
86,GRD,0,0,1,1,2020,,,,,,,
86,CIV,0,0,1,1,2020,31.0,0.0,0.0,1.0,1.0,2.0,2.5996928469287615
86,KWT,0,0,1,1,2020,,,,,,,
86,MDA,0,0,1,1,2020,20.0,0.0,0.0,1.0,5.0,8.0,3.108489875541962
1,USA,40,44,42,126,2024,,,,,,,
2,CHN,40,27,24,91,2024,,,,,,,
3,JPN,20,12,13,45,2024,,,,,,,
4,AUS,18,19,16,53,2024,,,,,,,
5,FRA,16,26,22,64,2024,,,,,,,
6,NLD,15,7,12,34,2024,,,,,,,
7,GBR,14,22,29,65,2024,,,,,,,
9,ITA,12,13,15,40,2024,,,,,,,
10,DEU,12,13,8,33,2024,,,,,,,
11,NZL,10,7,3,20,2024,,,,,,,
12,CAN,9,7,11,27,2024,,,,,,,
13,UZB,8,2,3,13,2024,,,,,,,
14,HUN,6,7,6,19,2024,,,,,,,
15,ESP,5,4,9,18,2024,,,,,,,
16,SWE,4,4,3,11,2024,,,,,,,
17,KEN,4,2,5,11,2024,,,,,,,
18,NOR,4,1,3,8,2024,,,,,,,
19,IRL,4,0,3,7,2024,,,,,,,
20,BRA,3,7,10,20,2024,,,,,,,
22,UKR,3,5,4,12,2024,,,,,,,
23,ROU,3,4,2,9,2024,,,,,,,
24,GEO,3,3,1,7,2024,,,,,,,
25,BEL,3,1,6,10,2024,,,,,,,
26,BGR,3,1,3,7,2024,,,,,,,
27,SRB,3,1,1,5,2024,,,,,,,
29,DNK,2,2,5,9,2024,,,,,,,
30,AZE,2,2,3,7,2024,,,,,,,
30,HRV,2,2,3,7,2024,,,,,,,
32,CUB,2,1,6,9,2024,,,,,,,
33,BHR,2,1,1,4,2024,,,,,,,
34,SVN,2,1,0,3,2024,,,,,,,
35,TPE,2,0,5,7,2024,,,,,,,
36,AUT,2,0,3,5,2024,,,,,,,
37,HKG,2,0,2,4,2024,,,,,,,
37,PHL,2,0,2,4,2024,,,,,,,
39,DZA,2,0,1,3,2024,,,,,,,
39,IDN,2,0,1,3,2024,,,,,,,
41,ISR,1,5,1,7,2024,,,,,,,
42,POL,1,4,5,10,2024,,,,,,,
43,KAZ,1,3,3,7,2024,,,,,,,
44,JAM,1,3,2,6,2024,,,,,,,
44,ZAF,1,3,2,6,2024,,,,,,,
44,THA,1,3,2,6,2024,,,,,,,
47,ETH,1,3,0,4,2024,,,,,,,
48,CHE,1,2,5,8,2024,,,,,,,
49,ECU,1,2,2,5,2024,,,,,,,
50,PRT,1,2,1,4,2024,,,,,,,
51,GRC,1,1,6,8,2024,,,,,,,
52,ARG,1,1,1,3,2024,,,,,,,
52,EGY,1,1,1,3,2024,,,,,,,
52,TUN,1,1,1,3,2024,,,,,,,
55,BWA,1,1,0,2,2024,,,,,,,
55,CHL,1,1,0,2,2024,,,,,,,
55,LCA,1,1,0,2,2024,,,,,,,
55,UGA,1,1,0,2,2024,,,,,,,
59,DOM,1,0,2,3,2024,,,,,,,
60,GTM,1,0,1,2,2024,,,,,,,
60,MAR,1,0,1,2,2024,,,,,,,
62,DMA,1,0,0,1,2024,,,,,,,
62,PAK,1,0,0,1,2024,,,,,,,
64,TUR,0,3,5,8,2024,,,,,,,
65,MEX,0,3,2,5,2024,,,,,,,
66,ARM,0,3,1,4,2024,,,,,,,
66,COL,0,3,1,4,2024,,,,,,,
68,KGZ,0,2,4,6,2024,,,,,,,
68,PRK,0,2,4,6,2024,,,,,,,
70,LTU,0,2,2,4,2024,,,,,,,
71,IND,0,1,5,6,2024,,,,,,,
72,MDA,0,1,3,4,2024,,,,,,,
74,CYP,0,1,0,1,2024,,,,,,,
74,FJI,0,1,0,1,2024,,,,,,,
74,JOR,0,1,0,1,2024,,,,,,,
74,MNG,0,1,0,1,2024,,,,,,,
74,PAN,0,1,0,1,2024,,,,,,,
79,TJK,0,0,3,3,2024,,,,,,,
80,ALB,0,0,2,2,2024,,,,,,,
80,GRD,0,0,2,2,2024,,,,,,,
80,MYS,0,0,2,2,2024,,,,,,,
80,PRI,0,0,2,2,2024,,,,,,,
84,CPV,0,0,1,1,2024,,,,,,,
84,CIV,0,0,1,1,2024,,,,,,,
84,PER,0,0,1,1,2024,,,,,,,
84,QAT,0,0,1,1,2024,,,,,,,
84,SGP,0,0,1,1,2024,,,,,,,
84,SVK,0,0,1,1,2024,,,,,,,
84,ZMB,0,0,1,1,2024,,,,,,,
